sku,raw_title,raw_description
CSV001,Amul Toned Milk 1L,Fresh toned milk
CSV002,Lays Classic Salted Chips,Potato chips with salted flavor
CSV003,Nescafe Classic Coffee,Instant coffee powder
CSV004,Dove Moisturizing Soap,Beauty soap with moisturizing formula
CSV005,Samsung USB Charger,Fast charging USB charger
CSV006,Nike Sports Shoes,Comfortable running sports shoes
CSV007,Prestige Electric Kettle,Stainless steel electric kettle
CSV008,Tata Salt 1kg,Iodized refined salt
CSV009,Real Orange Juice,Refreshing orange fruit juice
CSV010,Dettol Handwash,Liquid hand wash for everyday use